{
  "lang":"de",
  "name":"pipeline",
  "version":"0.0.0",
  "spacy_version":">=3.0.6,<3.1.0",
  "description":"",
  "author":"",
  "email":"",
  "url":"",
  "license":"",
  "spacy_git_version":"df3444421",
  "vectors":{
    "width":0,
    "vectors":0,
    "keys":0,
    "name":null
  },
  "labels":{
    "tok2vec":[

    ],
    "ner":[
      "BIRTHDAY",
      "CITY",
      "COUNTRY",
      "NAME",
      "NOTE",
      "POSITION",
      "PUBDATE",
      "STATUS",
      "SURNAME",
      "TITLE"
    ]
  },
  "pipeline":[
    "tok2vec",
    "ner"
  ],
  "components":[
    "tok2vec",
    "ner"
  ],
  "disabled":[

  ],
  "performance":{
    "ents_per_type":{
      "PUBDATE":{
        "p":1.0,
        "r":1.0,
        "f":1.0
      },
      "STATUS":{
        "p":0.9444444444,
        "r":0.85,
        "f":0.8947368421
      },
      "POSITION":{
        "p":0.9661016949,
        "r":0.9827586207,
        "f":0.9743589744
      },
      "SURNAME":{
        "p":0.9863013699,
        "r":1.0,
        "f":0.9931034483
      },
      "NAME":{
        "p":1.0,
        "r":0.9861111111,
        "f":0.993006993
      },
      "CITY":{
        "p":0.9558823529,
        "r":0.9285714286,
        "f":0.9420289855
      },
      "BIRTHDAY":{
        "p":1.0,
        "r":1.0,
        "f":1.0
      },
      "TITLE":{
        "p":0.6666666667,
        "r":0.5,
        "f":0.5714285714
      },
      "COUNTRY":{
        "p":0.0,
        "r":0.0,
        "f":0.0
      },
      "NOTE":{
        "p":1.0,
        "r":0.625,
        "f":0.7692307692
      }
    },
    "ents_f":0.962962963,
    "ents_p":0.9742388759,
    "ents_r":0.9519450801,
    "tok2vec_loss":176.2942524605,
    "ner_loss":111.0844234873
  }
}